section_id,wave,builder_subagent,last_checker_subagent,iterations,status,escalated,notes
KKTuv,A,Builder-KKTuv,Checker-KKTuv-iter-001,1,COMPLETE,false,All gates passed; checker iteration PASS
YHDHg,A,Builder-YHDHg,Checker-YHDHg-iter-001,1,COMPLETE,false,All gates passed; checker iteration PASS
D2Lup,A,Builder-D2Lup,Checker-D2Lup-iter-001,1,COMPLETE,false,All gates passed; checker iteration PASS
IYsCw,A,Builder-IYsCw,Checker-IYsCw-iter-001,1,COMPLETE,false,All gates passed; checker iteration PASS
jAwkA,B,Builder-jAwkA,Checker-jAwkA-iter-001,1,COMPLETE,false,All gates passed; checker iteration PASS
X6Q8j,B,Builder-X6Q8j,Checker-X6Q8j-iter-001,1,COMPLETE,false,All gates passed; checker iteration PASS
oqmDi,B,Builder-oqmDi,Checker-oqmDi-iter-001,1,COMPLETE,false,All gates passed; checker iteration PASS
gwgPH,C,Builder-gwgPH,Checker-gwgPH-iter-001,1,COMPLETE,false,All gates passed; checker iteration PASS
atC3C,C,Builder-atC3C,Checker-atC3C-iter-001,1,COMPLETE,false,All gates passed; checker iteration PASS
p8x5I,C,Builder-p8x5I,Checker-p8x5I-iter-001,1,COMPLETE,false,All gates passed; checker iteration PASS
QEonC,C,Builder-QEonC,Checker-QEonC-iter-001,1,COMPLETE,false,All gates passed; checker iteration PASS
3rLbN,C,Builder-3rLbN,Checker-3rLbN-iter-001,1,COMPLETE,false,All gates passed; checker iteration PASS
